id;date;comment;published
293;1971-03-26;Porro consectetur dolorem dolore. Numquam quiquia eius sed dolore. Neque numquam labore dolorem dolor numquam sit. Dolorem sit tempora numquam. Consectetur tempora dolore sit non velit. Non numquam labore ipsum etincidunt ipsum. Adipisci consectetur sit neque tempora non consectetur ut. Adipisci modi quisquam dolorem ut. Dolore consectetur ipsum voluptatem.;No
297;1970-13-01;Non aliquam dolor quiquia neque. Est tempora consectetur sit adipisci. Velit aliquam velit dolore velit porro neque quaerat. Porro eius quisquam magnam aliquam voluptatem sit amet. Quaerat numquam dolore quiquia quiquia ipsum. Ipsum amet voluptatem magnam adipisci neque neque adipisci.;Yes
301;1972-08-16;Adipisci numquam velit numquam modi quaerat quiquia. Voluptatem velit dolorem porro. Quisquam non neque aliquam labore. Numquam labore labore sit adipisci sed. Eius etincidunt tempora velit numquam. Sed dolorem quisquam tempora ipsum. Dolorem tempora magnam tempora eius sed.;No
305;1974-06-27;Eius etincidunt ut dolor. Modi quisquam sit quaerat quisquam consectetur voluptatem tempora. Amet sit quaerat modi sit quisquam. Voluptatem dolore amet adipisci est modi. Dolor adipisci porro porro.;Yes
309;1974-04-05;Porro dolorem etincidunt voluptatem voluptatem porro. Porro est aliquam eius numquam sit. Numquam voluptatem quisquam ut etincidunt velit. Velit magnam numquam tempora voluptatem dolore etincidunt. Dolor aliquam aliquam sit consectetur porro. Dolore non neque eius etincidunt eius quaerat. Consectetur porro aliquam sed dolor adipisci amet. Labore numquam ut quaerat aliquam est. Quisquam quisquam modi labore labore magnam adipisci. Neque dolor voluptatem eius quaerat.;No
313;1976-05-01;Magnam porro sit etincidunt sed quaerat amet. Dolorem magnam consectetur ipsum dolor modi sit amet. Neque modi non dolorem tempora. Quiquia sit modi sit sed amet quisquam aliquam. Sed numquam velit amet porro porro eius. Etincidunt neque magnam quaerat dolore quiquia adipisci eius.;Yes
317;1976-10-11;Consectetur etincidunt quiquia tempora quisquam velit. Sed non dolor labore dolorem. Ut neque sit eius consectetur aliquam. Tempora quiquia eius consectetur. Voluptatem aliquam eius magnam sit dolore dolorem.;No
321;1978-04-29;Quaerat tempora eius dolore sed quisquam. Sed etincidunt modi est eius. Dolor consectetur neque ut non aliquam dolore. Quisquam dolor aliquam magnam modi. Quisquam magnam quisquam dolor amet quisquam. Adipisci labore dolor amet dolore ut.;Yes
325;1976-10-07;Quisquam velit quiquia neque porro consectetur eius etincidunt. Ipsum magnam porro magnam. Tempora voluptatem quaerat dolor voluptatem aliquam quiquia est. Consectetur dolor labore ipsum. Modi tempora sed sed dolorem etincidunt. Non ipsum dolore eius etincidunt tempora sed sed. Modi ipsum porro dolor ipsum.;No
329;1975-07-04;Porro porro magnam quisquam labore ipsum voluptatem. Ut sed dolorem porro dolorem. Porro sed tempora non eius velit. Voluptatem est modi est dolor. Est adipisci aliquam modi dolor dolorem sit voluptatem. Neque labore adipisci aliquam magnam velit est. Dolore magnam adipisci neque aliquam.;Yes
333;1970-12-03;Porro dolore non quaerat dolore dolore voluptatem porro. Eius porro eius adipisci voluptatem. Amet numquam dolore amet quiquia aliquam. Est dolorem sed ut quaerat quisquam. Quisquam velit numquam consectetur. Dolore consectetur adipisci voluptatem sit adipisci aliquam ut. Etincidunt neque numquam dolor tempora quisquam modi. Dolorem dolorem dolor dolore consectetur ipsum labore dolore. Eius velit ut consectetur sit numquam dolore neque.;Yes
337;1976-09-16;Amet dolor quaerat ut dolore sed porro magnam. Modi dolor dolor quaerat. Est neque quisquam non non eius sed. Tempora quisquam velit labore. Est aliquam non quisquam sit non neque velit. Dolorem dolore velit consectetur quisquam dolore non.;Yes
341;1976-05-18;Dolor ipsum sit non dolor non velit. Amet dolore sit quiquia. Non labore eius velit dolorem. Est est eius neque non ipsum dolor. Adipisci magnam dolor amet numquam adipisci. Quiquia eius eius ipsum. Ipsum amet tempora voluptatem modi sed aliquam. Dolore dolorem non dolor. Ut voluptatem est quisquam modi sed porro. Quisquam quiquia quiquia quiquia sit.;Yes
345;1976-03-29;Etincidunt numquam dolor amet sit ipsum ipsum dolor. Labore numquam est numquam etincidunt eius. Tempora sed est quisquam ut sed. Porro quaerat magnam aliquam est consectetur ut. Etincidunt neque neque est. Quaerat quiquia magnam labore dolorem porro.;No
349;1970-11-06;Sed adipisci aliquam ut porro sed. Porro velit labore est ut voluptatem porro. Velit quaerat porro dolor sed tempora. Etincidunt quiquia quaerat amet dolorem voluptatem aliquam. Porro labore adipisci amet est.;No
353;1980-11-17;Aliquam numquam tempora ut velit. Adipisci neque consectetur tempora numquam. Velit dolorem tempora magnam eius sed consectetur. Adipisci adipisci voluptatem modi velit est dolorem ut. Quiquia quaerat quisquam quaerat. Dolorem dolore est quisquam eius magnam labore.;No
357;1980-12-19;Porro voluptatem dolorem neque. Modi velit quaerat ipsum etincidunt magnam dolorem porro. Velit dolorem non non porro dolorem adipisci ipsum. Modi consectetur dolore consectetur quiquia non sed. Eius sit modi voluptatem tempora dolore. Voluptatem aliquam ut labore. Aliquam non consectetur quisquam tempora.;Yes
361;1973-10-16;Amet sit est quaerat aliquam porro modi neque. Dolorem magnam modi voluptatem. Velit sed neque quiquia amet velit amet. Dolor quaerat amet modi aliquam. Etincidunt numquam magnam ut ut etincidunt. Numquam labore voluptatem dolorem dolor non velit sit. Modi tempora aliquam ut adipisci magnam. Eius non consectetur dolore adipisci sed. Neque ipsum aliquam amet labore quiquia adipisci numquam. Modi quaerat non dolorem magnam quiquia ut.;No
365;1977-03-19;Labore quiquia amet labore velit porro neque. Labore porro labore ut amet etincidunt etincidunt ut. Aliquam eius eius est. Dolore quisquam sit est. Adipisci dolorem consectetur dolore magnam porro labore. Dolore magnam magnam modi labore. Voluptatem sed ipsum non etincidunt porro sit.;Yes
369;1972-03-21;Velit quaerat quaerat numquam numquam. Sit non quiquia neque. Sit modi porro sed aliquam adipisci amet quaerat. Quaerat dolore tempora sit ut labore. Eius est amet tempora sed dolor dolore. Amet numquam quiquia magnam quisquam dolor sed. Aliquam dolorem neque aliquam etincidunt etincidunt dolorem numquam. Tempora quaerat adipisci tempora non quaerat. Magnam dolor sit neque ipsum dolorem.;No
373;1971-13-10;Sit tempora sed magnam numquam eius. Sit dolorem quaerat non. Modi neque etincidunt adipisci quiquia dolor. Modi numquam aliquam neque quiquia quaerat sit labore. Porro non dolor porro sed est eius. Voluptatem magnam porro etincidunt.;No
377;1976-03-18;Dolore voluptatem dolorem consectetur. Quisquam dolorem modi modi neque consectetur non modi. Velit eius labore quiquia. Amet magnam velit quiquia consectetur sit. Porro tempora consectetur consectetur. Dolore amet quiquia magnam amet. Velit dolorem quisquam tempora numquam. Etincidunt etincidunt dolorem voluptatem numquam eius.;Yes
381;1976-01-26;Tempora neque ut tempora. Tempora dolorem dolor dolore porro quisquam. Sed sed labore adipisci magnam quisquam sed. Consectetur modi modi aliquam. Quisquam eius sit dolor etincidunt porro dolor dolore. Adipisci ut consectetur ut non. Aliquam voluptatem tempora non sit numquam. Labore dolore porro etincidunt sit sit tempora porro. Amet quaerat porro numquam dolore est voluptatem. Sit amet sed tempora.;Yes
385;1973-03-10;Dolore quisquam eius aliquam porro voluptatem dolorem. Non magnam porro amet amet labore. Etincidunt modi quiquia modi tempora aliquam. Numquam tempora est aliquam. Ut tempora sit quisquam modi voluptatem. Amet porro voluptatem dolor modi velit.;No
389;1975-08-30;Neque adipisci amet velit neque magnam dolore. Sed tempora quaerat sit voluptatem voluptatem. Amet porro ipsum non porro dolore. Tempora quaerat ut est quiquia. Numquam etincidunt amet numquam.;No
393;1970-12-21;Eius velit quaerat magnam sit. Est quiquia amet porro labore. Non neque aliquam numquam adipisci modi. Numquam voluptatem quiquia aliquam. Neque neque sit numquam non quisquam ut quiquia. Quiquia adipisci neque dolor aliquam amet. Ipsum aliquam dolor modi etincidunt sit.;No
397;1973-05-19;Tempora ut neque ipsum labore. Quiquia ut dolore quaerat est. Tempora quiquia velit consectetur porro amet consectetur. Sed dolore numquam tempora eius sit aliquam. Quiquia velit numquam labore.;No
401;1974-11-19;Porro etincidunt ut quiquia adipisci. Eius sit amet porro voluptatem tempora ut labore. Etincidunt dolore modi dolor neque dolorem. Quaerat etincidunt magnam voluptatem magnam est. Sit est sed velit. Tempora voluptatem dolore non etincidunt. Numquam magnam sed consectetur consectetur dolor. Quiquia voluptatem est dolore adipisci consectetur quaerat. Est velit consectetur eius magnam.;Yes
405;1973-12-21;Est dolorem etincidunt neque dolorem quisquam. Ipsum etincidunt adipisci etincidunt porro consectetur eius sit. Ipsum dolorem dolorem tempora amet. Adipisci dolore velit velit velit neque dolorem. Porro non sed non dolor velit labore velit.;Yes
409;1974-01-17;Sit velit ipsum consectetur ut labore consectetur. Neque adipisci velit modi sed sed. Quaerat dolorem est sit dolorem etincidunt voluptatem. Sit ipsum consectetur ut ipsum. Est amet dolore numquam neque numquam quiquia. Dolor aliquam ut modi porro quiquia. Consectetur ipsum labore consectetur etincidunt sed quiquia est. Velit est ipsum velit velit.;Yes
413;1974-09-08;Velit porro non amet eius sed. Eius sed tempora eius. Voluptatem modi non quiquia. Adipisci adipisci sed dolore dolor est velit. Est quiquia tempora ut.;No
417;1972-11-04;Eius etincidunt quisquam est ut. Porro numquam adipisci tempora adipisci. Consectetur modi magnam porro. Est numquam velit aliquam consectetur. Etincidunt numquam dolore numquam.;Yes
421;1978-12-18;Neque ipsum quisquam etincidunt. Non sed dolorem quaerat magnam etincidunt labore. Labore sit amet est quisquam quisquam sit porro. Dolorem eius ipsum quisquam porro ipsum labore dolor. Modi labore dolor dolor non. Dolorem dolore modi sit. Consectetur porro ipsum neque ipsum quiquia neque labore. Dolore ipsum tempora voluptatem non.;No
425;1974-07-08;Voluptatem dolore adipisci dolore labore quaerat ut dolorem. Sit voluptatem numquam ut. Neque neque aliquam etincidunt magnam sit adipisci. Quisquam porro non quiquia adipisci. Numquam eius tempora adipisci eius sed quaerat.;No
429;1972-11-03;Porro adipisci amet neque. Dolor porro velit eius non velit. Est quisquam numquam numquam neque sit adipisci sit. Quisquam amet velit quiquia. Dolore adipisci dolore velit amet eius.;No
433;1980-01-09;Modi est dolor quisquam. Quisquam numquam porro consectetur ut amet modi voluptatem. Quaerat non non est ut sed numquam tempora. Tempora aliquam eius eius. Quiquia numquam neque consectetur labore eius ipsum. Ut est eius velit etincidunt. Dolor amet sed quiquia. Etincidunt numquam labore modi quaerat non non. Ut est amet voluptatem sed eius velit etincidunt. Consectetur porro voluptatem ut neque labore.;Yes
437;1974-11-20;Ut etincidunt dolore numquam voluptatem. Labore labore adipisci porro quaerat non dolorem voluptatem. Dolore consectetur dolore adipisci. Dolore consectetur aliquam velit est sed. Tempora modi etincidunt ut neque dolor velit sed. Eius numquam etincidunt dolore. Quiquia neque numquam est. Non est labore quaerat. Non porro neque non labore velit quaerat magnam.;Yes
441;1972-09-31;Dolorem velit adipisci voluptatem quiquia quaerat ipsum magnam. Amet modi eius adipisci modi labore. Dolore quiquia neque adipisci adipisci non voluptatem. Non est non dolorem ipsum labore. Dolore quaerat etincidunt dolorem porro numquam sit.;Yes
445;1980-07-11;Dolore eius voluptatem etincidunt. Dolorem eius velit ut ut eius. Porro amet adipisci amet etincidunt eius adipisci etincidunt. Dolore eius quisquam dolore sed quiquia. Quisquam non quiquia labore tempora dolor dolor. Est porro velit ut adipisci ipsum.;No
449;1975-03-26;Adipisci sed ipsum magnam adipisci magnam. Magnam amet quaerat ut dolorem neque porro neque. Tempora dolorem consectetur quisquam neque est. Tempora sit magnam amet. Non adipisci velit dolor velit amet ut. Non amet quaerat sed non. Aliquam quiquia velit velit. Adipisci consectetur porro quaerat adipisci non voluptatem. Etincidunt consectetur quaerat sed ut quisquam.;Yes
453;1970-07-07;Est amet sit quiquia labore neque amet etincidunt. Quaerat adipisci consectetur porro quisquam quisquam. Ut modi dolorem etincidunt porro dolorem ipsum voluptatem. Porro non labore eius ut. Voluptatem est consectetur porro quisquam quisquam eius dolorem. Numquam adipisci quisquam aliquam quiquia. Quisquam ut dolor adipisci dolorem ipsum non. Quiquia neque numquam est est quaerat adipisci.;Yes
457;1972-10-27;Modi labore dolorem quaerat. Est porro tempora adipisci quaerat velit. Consectetur modi quiquia porro sit. Quiquia tempora neque eius consectetur ut modi. Ipsum dolor sed dolor consectetur porro. Amet tempora porro etincidunt velit dolor amet. Quisquam adipisci dolor eius amet. Numquam ut quaerat sit. Tempora est non modi porro tempora quaerat. Adipisci est porro sit.;No
461;1976-08-20;Dolor eius numquam est non. Labore modi modi aliquam. Eius modi tempora magnam sit tempora. Modi dolorem quaerat ut dolore non. Sed consectetur ipsum quisquam.;Yes
465;1971-02-28;Quiquia aliquam consectetur numquam magnam. Numquam aliquam sed porro neque voluptatem. Etincidunt modi dolore etincidunt adipisci dolor quiquia. Velit sed aliquam quisquam tempora non. Numquam neque adipisci est eius ipsum non. Quiquia etincidunt numquam dolorem. Modi etincidunt etincidunt magnam sit modi modi.;No
469;1977-11-29;Amet ipsum quaerat eius quiquia quisquam aliquam. Quaerat neque dolore non quaerat etincidunt quaerat. Voluptatem velit ipsum adipisci sed ipsum. Sit porro est quisquam quisquam. Velit quiquia aliquam velit ut velit.;Yes
473;1973-12-15;Labore neque dolorem sed. Etincidunt dolorem modi amet quiquia ipsum tempora modi. Dolorem dolorem dolore adipisci ut dolorem est. Quiquia quisquam ut quisquam. Magnam dolore quisquam dolore etincidunt aliquam quaerat. Est etincidunt quisquam non. Sed neque numquam porro dolorem dolore quisquam ut. Modi magnam numquam velit aliquam consectetur ut eius. Dolore dolorem dolore voluptatem magnam ut modi. Non ipsum voluptatem numquam numquam voluptatem.;Yes
477;1978-05-22;Eius aliquam ut etincidunt eius modi labore amet. Non etincidunt quaerat ipsum non magnam numquam sit. Aliquam sit velit numquam. Tempora voluptatem adipisci voluptatem modi etincidunt. Modi non est neque quaerat neque ut. Modi modi eius ut adipisci tempora consectetur. Quiquia ipsum velit quisquam aliquam.;No
481;1976-09-01;Quiquia quaerat quisquam ipsum labore quiquia. Voluptatem sit consectetur numquam. Voluptatem non sit porro etincidunt quiquia dolorem velit. Ipsum eius sed sed adipisci ipsum amet. Est consectetur porro etincidunt quisquam amet. Neque dolor dolorem adipisci voluptatem tempora dolore. Eius adipisci ipsum eius adipisci consectetur. Est porro quaerat adipisci ipsum. Modi quisquam eius quaerat ut porro neque. Consectetur tempora non non neque labore non.;No
485;1975-08-20;Eius ut ut dolor porro neque eius non. Etincidunt amet voluptatem tempora. Labore numquam sit est modi modi aliquam quaerat. Adipisci quaerat adipisci velit. Quaerat voluptatem dolor est est. Etincidunt neque dolore dolor ipsum dolore dolor amet. Numquam labore voluptatem aliquam. Dolorem porro dolorem ipsum est.;Yes
489;1980-10-30;Consectetur quiquia voluptatem quaerat. Quisquam ipsum numquam aliquam tempora sed. Est ipsum dolore consectetur eius quiquia adipisci amet. Dolore dolorem amet consectetur sed ipsum modi dolore. Numquam velit tempora tempora eius amet eius. Magnam quisquam dolorem etincidunt aliquam ipsum ut. Eius consectetur ut ut. Sit quiquia tempora est sed.;No
493;1977-04-20;Adipisci dolor dolor neque sed dolor. Ipsum dolore amet quiquia quisquam etincidunt. Dolore non modi ut dolorem aliquam ipsum est. Tempora sit quisquam dolore non. Adipisci neque sed sit modi.;No
497;1973-11-25;Modi amet neque dolor sed modi. Porro dolor sit est. Voluptatem porro amet tempora. Adipisci quiquia modi modi. Tempora consectetur dolore dolorem.;No
501;1973-11-11;Est voluptatem velit quiquia tempora. Quisquam voluptatem quaerat neque est est dolor. Voluptatem quisquam dolor eius. Eius sit etincidunt consectetur consectetur non. Sed tempora quaerat sit sed etincidunt numquam. Porro aliquam labore magnam magnam porro. Quiquia ut quaerat quisquam quaerat.;Yes
505;1971-08-13;Voluptatem quaerat ut amet. Labore modi etincidunt labore tempora modi velit eius. Quisquam consectetur etincidunt ut adipisci. Eius porro etincidunt labore. Etincidunt adipisci voluptatem est. Ut porro ut modi voluptatem sed. Velit sit sed amet dolore velit velit.;No
509;1980-06-12;Est labore consectetur velit dolor velit. Quaerat dolore porro amet numquam etincidunt quiquia eius. Quaerat quaerat magnam eius tempora dolorem est etincidunt. Porro tempora dolore labore non est numquam est. Ipsum dolorem est eius magnam porro. Non modi velit aliquam adipisci.;No
513;1972-04-11;Quaerat ut dolore ut dolore numquam numquam non. Tempora dolore numquam amet voluptatem. Est consectetur ipsum quiquia quiquia quisquam velit. Voluptatem non dolor adipisci. Etincidunt quaerat neque modi. Tempora dolore velit dolor etincidunt labore dolor. Magnam amet porro dolore magnam. Sed dolorem consectetur consectetur amet sit modi. Porro dolorem adipisci ipsum. Quisquam dolore non dolor quisquam etincidunt.;No
517;1973-12-30;Ut dolor ut modi. Dolor etincidunt sed sit labore ut etincidunt. Amet neque voluptatem etincidunt numquam numquam. Modi etincidunt est labore dolor voluptatem. Neque ut ut non. Porro quaerat dolorem est aliquam neque sed.;No
521;1973-06-18;Quiquia dolore amet sed non. Sit dolorem dolor etincidunt quiquia quiquia ipsum. Amet dolorem labore labore dolorem. Quaerat etincidunt sed adipisci. Dolorem sit dolor quisquam quaerat aliquam. Dolorem adipisci aliquam est consectetur etincidunt dolore.;Yes
525;1971-06-21;Sit porro modi non quaerat sed. Velit velit ipsum etincidunt modi tempora amet etincidunt. Est quiquia amet non amet ipsum. Sed ut aliquam porro adipisci numquam tempora est. Aliquam quisquam consectetur eius dolore. Neque dolorem tempora velit. Neque tempora voluptatem velit consectetur amet etincidunt. Voluptatem dolore tempora amet.;Yes
529;1971-04-08;Modi adipisci dolorem sed quiquia quaerat labore porro. Sit etincidunt quaerat tempora neque. Quaerat dolor ut ipsum neque adipisci. Amet non sed consectetur ut. Magnam est dolore eius neque dolore dolorem etincidunt. Numquam neque tempora quisquam tempora. Aliquam velit est porro dolorem. Dolor quiquia neque quiquia. Dolore consectetur neque adipisci dolorem aliquam quiquia.;No
533;1971-11-02;Aliquam etincidunt quisquam est porro. Labore magnam dolore eius quisquam. Consectetur sit labore eius ipsum est. Neque porro sed dolore ipsum labore quisquam. Numquam sed consectetur numquam quiquia. Consectetur velit porro voluptatem magnam eius velit.;No
537;1977-07-05;Est labore amet numquam sed. Ipsum quisquam est eius sed numquam numquam. Labore voluptatem voluptatem voluptatem dolore amet quiquia. Neque quiquia porro magnam. Velit sit ut quaerat. Dolore ut magnam quiquia est. Adipisci numquam etincidunt quaerat amet est quiquia. Voluptatem magnam ipsum voluptatem voluptatem aliquam. Sed tempora tempora ipsum neque voluptatem dolore amet. Ut non ut modi.;Yes
541;1970-11-14;Quisquam labore voluptatem ut voluptatem aliquam. Adipisci etincidunt amet eius ipsum sed quiquia. Aliquam velit aliquam non voluptatem porro numquam quiquia. Neque magnam non neque dolor est. Labore porro adipisci adipisci. Modi est est magnam magnam quisquam aliquam est. Modi dolor neque dolore ut.;Yes
545;1976-02-28;Etincidunt dolore consectetur est dolorem. Sit dolor ipsum tempora. Non quiquia numquam quaerat. Tempora non quiquia magnam neque numquam. Velit magnam adipisci etincidunt. Dolor aliquam est est non neque. Ut amet adipisci dolorem.;No
549;1976-06-19;Dolor dolore labore labore quiquia dolor. Dolore dolorem ipsum quisquam ipsum. Quiquia quisquam est quiquia. Est velit numquam dolore adipisci. Quisquam non sed numquam adipisci. Dolor est eius porro. Sed eius tempora eius est numquam magnam. Adipisci voluptatem ut labore non ipsum. Magnam dolore sed ipsum magnam sed modi quisquam.;No
553;1975-12-07;Quiquia neque quiquia sed sed sit. Quiquia quisquam aliquam sed magnam. Labore ut dolorem dolorem consectetur neque. Porro dolore modi labore tempora amet quisquam magnam. Etincidunt ipsum tempora tempora ipsum. Amet eius non amet. Etincidunt modi voluptatem porro. Neque consectetur eius consectetur aliquam. Tempora non aliquam dolore.;No
557;1972-11-09;Modi velit labore dolor. Consectetur est velit eius. Modi quiquia consectetur etincidunt aliquam eius etincidunt. Labore quaerat eius aliquam est. Aliquam ipsum est magnam ipsum dolore sit modi. Sed ut quaerat numquam tempora velit quiquia. Dolor quiquia numquam neque aliquam porro.;Yes
561;1970-06-13;Labore tempora labore etincidunt velit est. Dolor etincidunt ipsum quisquam aliquam. Neque est sit numquam non. Ipsum neque ut numquam etincidunt. Labore magnam magnam dolorem ut modi. Sed eius ipsum quiquia. Porro voluptatem amet sed voluptatem labore.;Yes
565;1970-07-18;Sed tempora velit porro etincidunt. Sit neque porro est quaerat. Tempora labore adipisci velit. Sed consectetur dolorem porro quaerat etincidunt modi. Non neque labore non neque eius ut.;No
569;1978-06-22;Voluptatem velit porro quiquia ipsum non dolorem neque. Dolorem velit dolore dolor ut est. Ut quisquam sed amet. Ut magnam adipisci sed voluptatem. Sed adipisci dolorem numquam magnam. Non velit adipisci dolore etincidunt numquam. Non quiquia numquam quaerat. Dolore voluptatem tempora quiquia sit. Velit quisquam non amet. Sit quiquia dolorem sed sed sit magnam.;Yes
573;1974-11-05;Magnam porro est consectetur eius aliquam. Tempora numquam adipisci numquam quisquam neque ut modi. Etincidunt non voluptatem dolore labore ut modi. Eius numquam modi tempora neque aliquam dolorem magnam. Consectetur amet dolore dolor porro velit dolorem.;No
577;1979-11-23;Magnam ipsum velit est dolor etincidunt est dolore. Adipisci est modi ut quaerat. Modi tempora dolorem sit. Eius modi amet aliquam tempora adipisci tempora. Etincidunt quiquia quisquam eius aliquam magnam sed sed. Amet voluptatem magnam quiquia numquam tempora est ipsum.;No
581;1972-04-13;Sit quisquam est ut sit quisquam magnam. Sed quisquam voluptatem dolore. Labore ut aliquam non sed voluptatem amet. Dolor quiquia dolor est quiquia. Dolore modi est ut quisquam porro. Sed non quisquam quiquia tempora modi.;No
585;1975-09-20;Magnam modi amet sit magnam velit. Labore sit eius etincidunt eius. Quisquam quaerat est magnam non sit. Consectetur labore dolorem eius tempora labore adipisci velit. Quiquia amet aliquam non dolorem quisquam. Porro sed porro adipisci ipsum eius.;Yes
589;1979-09-16;Etincidunt dolor ipsum magnam ut. Non adipisci eius quisquam dolorem est non. Sed non dolore quisquam neque. Dolor adipisci non consectetur sed quisquam numquam ut. Velit sit ipsum ut. Modi quaerat ipsum eius quisquam. Adipisci porro eius voluptatem magnam. Est ut porro non. Dolor dolor neque non porro dolorem eius. Consectetur eius dolorem ipsum amet ipsum.;Yes
593;1973-10-10;Porro dolor magnam etincidunt ipsum. Dolorem sed est ut porro amet modi. Adipisci dolor est sed sed sit porro numquam. Quiquia magnam voluptatem quaerat neque. Est sit non adipisci. Ipsum sed adipisci adipisci dolore. Labore quiquia quiquia magnam adipisci quiquia. Labore ipsum porro ipsum dolor consectetur. Neque neque eius dolore dolore.;Yes
597;1976-07-27;Dolore dolore quisquam est porro amet. Sed aliquam quiquia labore sed adipisci aliquam. Eius non quiquia quaerat. Consectetur labore adipisci amet. Etincidunt magnam eius voluptatem ipsum aliquam quiquia dolor.;No
601;1973-11-25;Quisquam dolor tempora amet numquam labore modi. Etincidunt sit eius sit. Consectetur aliquam dolore tempora. Non dolor adipisci amet ut velit quaerat amet. Sed etincidunt dolorem neque amet sed. Voluptatem quaerat etincidunt velit magnam aliquam.;Yes
605;1972-09-25;Labore dolor ipsum quisquam consectetur adipisci est porro. Magnam sed modi labore non tempora modi. Est numquam tempora neque aliquam magnam. Numquam consectetur velit modi quiquia. Tempora adipisci non amet. Quisquam est magnam velit. Etincidunt modi porro numquam etincidunt. Non non velit adipisci dolore dolore numquam. Amet adipisci velit porro porro modi sed quiquia. Sit modi ut adipisci sed.;No
609;1973-10-25;Aliquam velit dolorem quisquam numquam quaerat. Tempora numquam dolorem non sit ipsum consectetur aliquam. Quaerat numquam dolore adipisci labore quaerat est. Voluptatem ut tempora velit tempora etincidunt quisquam dolorem. Tempora aliquam aliquam ipsum sit dolorem neque modi.;Yes
613;1973-08-12;Velit modi quiquia ipsum magnam magnam porro est. Labore dolore tempora ipsum est eius aliquam. Tempora quisquam neque porro eius. Sit dolor consectetur tempora modi porro quiquia voluptatem. Porro neque ut quisquam aliquam aliquam quisquam. Dolore quaerat numquam quiquia modi labore non.;No
617;1972-03-27;Modi quaerat tempora porro tempora. Dolor etincidunt labore quisquam. Adipisci dolor sit est modi quaerat. Tempora dolore voluptatem amet dolore magnam sed quiquia. Voluptatem dolor dolorem etincidunt amet quiquia. Ut aliquam quaerat est. Voluptatem tempora consectetur amet amet aliquam. Consectetur labore dolorem quaerat quisquam consectetur quisquam. Numquam non non modi labore. Ut aliquam ut magnam dolor etincidunt etincidunt.;No
621;1980-03-06;Neque velit velit non ut quaerat. Modi voluptatem sit sed. Tempora labore voluptatem numquam. Est ipsum dolor dolor voluptatem numquam magnam. Ipsum amet non aliquam labore sit dolore amet. Ipsum eius amet dolore eius velit. Velit voluptatem ipsum magnam dolore eius dolor voluptatem. Eius neque voluptatem quiquia neque est neque. Amet est modi porro ut.;No
625;1980-03-04;Consectetur voluptatem etincidunt modi tempora. Sit consectetur numquam numquam quisquam labore amet quaerat. Tempora voluptatem est est numquam dolor adipisci neque. Labore eius sit amet dolor adipisci. Dolore sed tempora velit. Sed magnam dolor quiquia ut ut.;No
629;1977-06-25;Porro quaerat porro dolorem quiquia dolorem. Magnam est adipisci dolore dolor velit sit. Est ipsum quaerat ipsum non ut voluptatem quaerat. Etincidunt sed non neque etincidunt adipisci tempora. Porro labore quiquia sit. Ipsum dolore sed ut numquam labore modi.;Yes
633;1978-09-22;Sit ut est labore porro neque sit. Voluptatem quisquam ipsum dolor quisquam ut. Velit sed adipisci labore labore. Magnam aliquam consectetur sed etincidunt velit quaerat. Sit quaerat amet neque. Consectetur porro adipisci velit non amet numquam. Quaerat ut adipisci velit ut ipsum labore quaerat. Adipisci dolore quaerat quiquia consectetur non ipsum. Tempora etincidunt non non neque dolorem porro neque.;No
637;1970-10-09;Est magnam sed ipsum modi. Dolore quaerat velit quaerat amet quiquia. Quisquam ut etincidunt neque. Voluptatem magnam tempora ipsum. Est labore tempora voluptatem quaerat. Sit dolorem dolorem est. Neque voluptatem non quiquia non. Quisquam ut tempora neque aliquam modi porro.;No
641;1976-11-04;Eius dolor numquam magnam quisquam est numquam. Dolore sit sit quisquam dolorem tempora. Ut dolor dolor dolor dolor. Dolor ipsum eius sed. Ut consectetur est aliquam sit sit. Modi non ut neque tempora neque. Velit quiquia porro modi ut ipsum est.;Yes
645;1971-10-13;Sit eius magnam neque velit magnam. Consectetur dolore etincidunt labore. Dolorem labore est dolorem quisquam. Eius magnam ut quisquam etincidunt aliquam ipsum labore. Eius quisquam ipsum quiquia porro sit est quaerat. Ut quaerat dolore ut labore. Velit est sed numquam. Quisquam ipsum voluptatem velit sit quisquam dolore dolorem. Amet est neque sed quaerat.;No
649;1974-06-03;Dolore magnam quisquam modi quaerat modi. Magnam porro amet etincidunt amet dolore ipsum quisquam. Numquam non tempora quiquia. Amet voluptatem non dolore dolor ut amet. Velit tempora velit porro sed quiquia voluptatem non. Etincidunt quiquia voluptatem modi.;No
653;1978-12-10;Dolor est modi etincidunt amet voluptatem adipisci. Dolorem labore numquam ut etincidunt est magnam. Aliquam quiquia consectetur consectetur. Adipisci quisquam tempora velit dolore quaerat velit dolore. Labore aliquam adipisci quaerat modi velit. Ut quaerat consectetur modi porro.;Yes
657;1972-08-03;Velit sed adipisci voluptatem est eius adipisci consectetur. Velit numquam magnam non quisquam adipisci aliquam. Ut aliquam aliquam quisquam. Dolor etincidunt velit consectetur consectetur sed amet quiquia. Quisquam consectetur dolor dolor quisquam quiquia quisquam dolore. Dolore ut quaerat neque labore voluptatem porro. Ipsum sit dolore est eius labore. Dolorem aliquam consectetur non porro porro voluptatem velit.;Yes
661;1970-07-11;Neque dolore magnam magnam voluptatem ipsum. Est est dolore amet neque sit quisquam. Numquam amet amet voluptatem. Quiquia sit velit neque. Amet tempora ut quaerat quaerat dolorem. Adipisci modi quaerat dolor sed amet porro non. Dolor est sit amet adipisci.;No
665;1977-08-01;Aliquam dolor numquam etincidunt dolore adipisci amet modi. Dolore labore etincidunt voluptatem numquam eius sit. Eius quaerat ut quaerat amet magnam labore ipsum. Numquam amet modi quaerat. Neque labore aliquam consectetur quaerat quiquia porro amet. Est sed eius amet amet. Dolore tempora amet sed quiquia sit quisquam. Sed dolorem eius est dolore porro. Ipsum modi quiquia velit quisquam non.;No
669;1970-12-29;Dolore eius non numquam dolore voluptatem. Labore velit labore voluptatem tempora est. Voluptatem magnam amet magnam amet etincidunt ut sed. Quisquam dolore dolore dolor modi labore. Dolore voluptatem quisquam neque ut.;Yes
673;1974-04-09;Numquam numquam labore non. Numquam aliquam quaerat consectetur adipisci. Non quisquam consectetur ut velit quisquam quaerat quaerat. Quisquam numquam sed voluptatem consectetur. Voluptatem dolorem modi aliquam porro. Consectetur neque eius amet neque est dolor ut. Consectetur ipsum velit est sed. Porro quiquia adipisci dolor dolorem quiquia labore sit. Amet porro aliquam modi velit magnam tempora velit.;Yes
677;1973-06-21;Ut eius aliquam ut porro est amet quiquia. Quaerat velit porro etincidunt dolor. Velit neque magnam magnam modi adipisci. Dolore ut labore ut. Quisquam velit non eius tempora. Eius aliquam ut magnam ipsum est. Tempora magnam est magnam magnam. Ipsum neque neque dolor ipsum. Quisquam est aliquam est dolor. Numquam sit quisquam porro labore adipisci.;No
681;1970-11-14;Consectetur numquam ipsum sit dolorem. Aliquam quiquia dolore magnam quaerat. Etincidunt velit magnam voluptatem sed aliquam dolor modi. Adipisci est numquam numquam etincidunt dolore. Dolorem aliquam aliquam eius. Quisquam dolore velit modi quiquia eius amet amet.;No
685;1975-02-28;Est dolor neque velit quisquam dolor non. Quisquam dolore modi aliquam tempora. Dolorem consectetur dolor aliquam velit. Modi amet magnam ipsum consectetur aliquam numquam. Modi adipisci ut consectetur. Eius etincidunt est quisquam voluptatem quaerat. Dolore ipsum quisquam consectetur sit ut.;Yes
689;1975-03-27;Numquam numquam sit dolore. Ut modi adipisci est ut velit. Velit amet etincidunt aliquam amet magnam modi. Adipisci ut numquam est numquam. Porro modi etincidunt est sit tempora sit velit. Adipisci est consectetur ut dolor adipisci etincidunt non.;Yes
693;1973-11-31;Eius eius sed aliquam modi. Quiquia dolore voluptatem voluptatem velit. Numquam eius est numquam sed non. Dolore quiquia modi eius magnam. Dolore modi tempora quiquia adipisci porro dolor sed. Aliquam non porro ut neque non ipsum voluptatem.;Yes
697;1975-02-28;Sed porro ut consectetur. Eius voluptatem magnam etincidunt ut dolore. Adipisci dolore porro dolorem quisquam tempora. Adipisci modi quiquia labore dolore adipisci ipsum. Quisquam est sed ipsum sed. Eius porro adipisci etincidunt magnam. Dolore labore quaerat quiquia dolor modi. Magnam non dolore sed numquam voluptatem magnam. Quaerat consectetur aliquam velit neque porro est. Sit dolorem numquam ut modi non modi.;Yes
701;1973-12-27;Modi dolorem labore magnam. Aliquam amet voluptatem numquam non dolore sit magnam. Est eius velit eius modi quisquam ut modi. Ut est sit eius. Dolorem etincidunt numquam sed dolor. Voluptatem velit non porro. Sed dolorem ut consectetur modi adipisci est. Eius neque labore porro. Eius voluptatem ipsum ipsum. Sed dolor quiquia sed eius dolore tempora.;No
705;1973-10-15;Labore dolor modi est ut consectetur modi quaerat. Aliquam sed porro ut. Tempora est consectetur adipisci est eius quiquia voluptatem. Quaerat est amet est dolore adipisci adipisci ut. Labore quaerat tempora consectetur etincidunt modi consectetur velit. Ut eius aliquam eius quisquam sit ipsum. Amet ipsum quaerat voluptatem dolore velit ipsum porro.;Yes
709;1977-06-03;Est labore dolore etincidunt est est sit adipisci. Est quisquam labore dolor tempora. Eius quisquam tempora dolor sit dolor eius. Adipisci eius magnam numquam ut. Adipisci adipisci amet etincidunt. Voluptatem sit dolor sit consectetur amet.;Yes
713;1976-09-29;Dolor quaerat labore tempora non neque voluptatem consectetur. Numquam consectetur neque ipsum quiquia quiquia. Sed ut quiquia quaerat adipisci magnam ipsum. Ut dolore est sit sed porro quaerat non. Ipsum etincidunt eius voluptatem modi ut. Numquam aliquam sed sit. Ut sit dolor dolorem quiquia magnam. Numquam dolore quisquam sit etincidunt voluptatem porro modi.;Yes
717;1977-01-30;Voluptatem magnam quisquam adipisci. Ipsum dolorem dolore voluptatem. Voluptatem magnam consectetur amet dolore. Tempora quisquam adipisci labore labore ipsum sed. Adipisci eius ut eius.;No
721;1972-05-25;Adipisci neque voluptatem aliquam eius tempora dolore ut. Aliquam modi porro adipisci aliquam. Eius eius velit porro dolor. Quaerat porro magnam numquam labore etincidunt aliquam. Sit dolore neque porro amet neque. Sit porro quaerat velit. Dolore ut numquam neque. Sit numquam sit quaerat dolor consectetur dolorem. Amet dolorem tempora voluptatem. Dolorem sed dolorem labore modi porro eius.;No
725;1978-08-23;Labore tempora neque magnam labore magnam est velit. Sit tempora sit aliquam. Ut quaerat dolorem numquam. Sit magnam porro tempora consectetur. Est voluptatem porro ipsum non magnam. Consectetur quiquia amet sit quaerat adipisci voluptatem. Est est quaerat tempora. Ut adipisci ipsum quaerat numquam aliquam labore.;No
729;1976-02-28;Est labore quisquam voluptatem quaerat adipisci amet modi. Aliquam neque tempora neque quiquia voluptatem ut. Amet non amet aliquam quisquam non dolorem. Modi quisquam eius neque magnam. Ut quiquia quaerat eius porro etincidunt. Velit dolore magnam adipisci est numquam. Labore porro voluptatem dolorem non eius porro. Non aliquam quisquam eius velit quisquam eius ipsum. Dolorem tempora est modi labore quisquam.;Yes
733;1970-07-12;Labore consectetur tempora eius. Sed tempora aliquam adipisci aliquam amet. Neque est aliquam non aliquam eius porro etincidunt. Dolorem modi sit modi sit quiquia porro non. Labore est voluptatem consectetur. Ut consectetur neque non quaerat aliquam voluptatem sit. Quaerat amet neque numquam modi. Magnam ut quiquia velit velit tempora.;No
737;1970-01-03;Est eius voluptatem dolorem est eius. Dolore adipisci neque quaerat modi dolore sed eius. Velit etincidunt est dolorem dolore. Numquam aliquam est labore amet sed. Velit modi non quisquam modi. Sed quiquia consectetur non sed ut. Numquam etincidunt non etincidunt ut tempora consectetur. Eius ipsum adipisci ipsum porro. Magnam sit modi ipsum porro. Quisquam dolorem ipsum quiquia dolorem.;Yes
741;1971-04-22;Sit modi dolorem velit eius tempora est. Dolorem non ipsum magnam sit velit. Numquam voluptatem est numquam. Dolor magnam numquam modi magnam dolore dolore. Amet labore eius velit amet etincidunt ipsum amet. Neque quisquam quiquia voluptatem neque non adipisci. Quisquam ipsum est est labore. Adipisci dolorem ipsum dolor dolorem dolorem.;No
745;1974-04-24;Sit ut quiquia quisquam amet consectetur non numquam. Quaerat quisquam etincidunt dolorem. Ut ipsum quaerat numquam quiquia. Aliquam dolor ipsum dolore consectetur. Neque consectetur sed adipisci.;No
749;1976-04-02;Quisquam quiquia aliquam labore neque aliquam adipisci tempora. Aliquam quaerat non modi ut ut consectetur tempora. Voluptatem est labore sed est. Dolor numquam magnam porro amet porro quisquam sit. Modi numquam sit non dolore sed. Voluptatem numquam amet velit. Est quiquia sit velit non ipsum ipsum dolor.;Yes
753;1971-01-18;Eius dolor etincidunt ut. Quiquia quisquam modi quisquam modi dolor. Dolorem consectetur etincidunt dolore velit. Neque ut porro numquam velit velit. Porro aliquam ipsum voluptatem sit. Voluptatem dolorem labore neque.;No
757;1977-07-05;Numquam non velit modi amet. Neque etincidunt neque porro porro aliquam numquam quaerat. Quaerat porro sed ipsum labore. Voluptatem non consectetur est. Labore ipsum porro velit. Quisquam adipisci ipsum non adipisci adipisci. Non velit est quisquam.;No
